method,fpr_budget,threshold,tp,tn,fp,fn,recall,fpr,precision,specificity
onnx,0.05,0.676538443207274,24,117,3,56,0.3,0.025,0.8888888888888888,0.975
onnx,0.1,0.5868605767354295,27,109,11,53,0.3375,0.09166666666666666,0.7105263157894737,0.9083333333333333
onnx,0.15,0.5486520237428733,32,104,16,48,0.4,0.13333333333333333,0.6666666666666666,0.8666666666666667
onnx,0.2,0.49611207381814576,43,96,24,37,0.5375,0.2,0.6417910447761194,0.8
onnx,0.3,0.4469967563288959,55,84,36,25,0.6875,0.3,0.6043956043956044,0.7
onnx,0.4,0.429739717159868,57,79,41,23,0.7125,0.3416666666666667,0.5816326530612245,0.6583333333333333
onnx,0.5,0.3895660485128721,59,63,57,21,0.7375,0.475,0.5086206896551724,0.525
